Datetime,Water Level (m)
2025-10-27 18:00:00,0.5971672
2025-10-27 19:00:00,0.8139867
2025-10-27 20:00:00,0.8851207
2025-10-27 21:00:00,0.7867055
2025-10-27 22:00:00,0.5409082
2025-10-27 23:00:00,0.23899141
2025-10-28 00:00:00,-0.009350429
2025-10-28 01:00:00,-0.2098189
2025-10-28 02:00:00,-0.33025473
2025-10-28 03:00:00,-0.3492166
2025-10-28 04:00:00,-0.18795139
2025-10-28 05:00:00,0.10491322
2025-10-28 06:00:00,0.34233493
2025-10-28 07:00:00,0.47555438
2025-10-28 08:00:00,0.51586187
2025-10-28 09:00:00,0.42689663
2025-10-28 10:00:00,0.2400082
2025-10-28 11:00:00,0.031166358
2025-10-28 12:00:00,-0.15858753
2025-10-28 13:00:00,-0.2949568
2025-10-28 14:00:00,-0.37650332
2025-10-28 15:00:00,-0.36152163
2025-10-28 16:00:00,-0.2001823
2025-10-28 17:00:00,0.10282161
2025-10-28 18:00:00,0.40628877
2025-10-28 19:00:00,0.636271
2025-10-28 20:00:00,0.7890224
2025-10-28 21:00:00,0.8093457
2025-10-28 22:00:00,0.69815564
2025-10-28 23:00:00,0.48034707
2025-10-29 00:00:00,0.24636361
2025-10-29 01:00:00,0.059486113
2025-10-29 02:00:00,-0.07527643
2025-10-29 03:00:00,-0.17603885
2025-10-29 04:00:00,-0.20824154
2025-10-29 05:00:00,-0.13554513
2025-10-29 06:00:00,0.03623726
2025-10-29 07:00:00,0.23755461
2025-10-29 08:00:00,0.38894463
2025-10-29 09:00:00,0.4754818
2025-10-29 10:00:00,0.46227857
2025-10-29 11:00:00,0.3386876
2025-10-29 12:00:00,0.13960883
2025-10-29 13:00:00,-0.03923022
2025-10-29 14:00:00,-0.18111092
2025-10-29 15:00:00,-0.25706378
2025-10-29 16:00:00,-0.24931976
2025-10-29 17:00:00,-0.12012469
2025-10-29 18:00:00,0.101987526
2025-10-29 19:00:00,0.3412669
2025-10-29 20:00:00,0.5403732
2025-10-29 21:00:00,0.6935747
2025-10-29 22:00:00,0.75197434
2025-10-29 23:00:00,0.6812836
2025-10-30 00:00:00,0.5211164
2025-10-30 01:00:00,0.30495772
2025-10-30 02:00:00,0.09899632
2025-10-30 03:00:00,-0.060689144
2025-10-30 04:00:00,-0.2016503
2025-10-30 05:00:00,-0.28281078
2025-10-30 06:00:00,-0.27840984
2025-10-30 07:00:00,-0.14754927
2025-10-30 08:00:00,0.07334884
2025-10-30 09:00:00,0.29068995
2025-10-30 10:00:00,0.4439017
2025-10-30 11:00:00,0.49735582
2025-10-30 12:00:00,0.43956098
2025-10-30 13:00:00,0.29142964
2025-10-30 14:00:00,0.10137846
2025-10-30 15:00:00,-0.072218865
2025-10-30 16:00:00,-0.21903978
2025-10-30 17:00:00,-0.29343665
2025-10-30 18:00:00,-0.27718088
2025-10-30 19:00:00,-0.13533358
2025-10-30 20:00:00,0.122803666
2025-10-30 21:00:00,0.40116674
2025-10-30 22:00:00,0.6257495
2025-10-30 23:00:00,0.7600838
2025-10-31 00:00:00,0.744122
2025-10-31 01:00:00,0.60072637
2025-10-31 02:00:00,0.36885482
2025-10-31 03:00:00,0.10930276
2025-10-31 04:00:00,-0.105279565
2025-10-31 05:00:00,-0.29058638
2025-10-31 06:00:00,-0.4308619
2025-10-31 07:00:00,-0.49034593
2025-10-31 08:00:00,-0.37256634
2025-10-31 09:00:00,-0.068475075
2025-10-31 10:00:00,0.26332605
2025-10-31 11:00:00,0.51579946
2025-10-31 12:00:00,0.65492815
2025-10-31 13:00:00,0.6459557
2025-10-31 14:00:00,0.49526557
2025-10-31 15:00:00,0.2469575
2025-10-31 16:00:00,-0.00290922
2025-10-31 17:00:00,-0.21727677
2025-10-31 18:00:00,-0.37097234
2025-10-31 19:00:00,-0.439657
2025-10-31 20:00:00,-0.35343927
2025-10-31 21:00:00,-0.04162271
2025-10-31 22:00:00,0.3318216
2025-10-31 23:00:00,0.6523071
2025-11-01 00:00:00,0.8737264
2025-11-01 01:00:00,0.9064617
2025-11-01 02:00:00,0.7509379
2025-11-01 03:00:00,0.45440194
2025-11-01 04:00:00,0.12134835
2025-11-01 05:00:00,-0.14940974
2025-11-01 06:00:00,-0.37893453
2025-11-01 07:00:00,-0.5437672
2025-11-01 08:00:00,-0.6299623
2025-11-01 09:00:00,-0.48608252
2025-11-01 10:00:00,-0.07543657
2025-11-01 11:00:00,0.34699076
2025-11-01 12:00:00,0.6772729
2025-11-01 13:00:00,0.86887205
2025-11-01 14:00:00,0.88616395
2025-11-01 15:00:00,0.70221394
2025-11-01 16:00:00,0.37485763
2025-11-01 17:00:00,0.052092925
2025-11-01 18:00:00,-0.21871427
2025-11-01 19:00:00,-0.4383353
2025-11-01 20:00:00,-0.5771735
2025-11-01 21:00:00,-0.5292375
2025-11-01 22:00:00,-0.16364698
2025-11-01 23:00:00,0.2903288
2025-11-02 00:00:00,0.6799589
2025-11-02 01:00:00,0.9302192
2025-11-02 02:00:00,0.99385166
2025-11-02 03:00:00,0.8163
2025-11-02 04:00:00,0.45924857
2025-11-02 05:00:00,0.10085553
2025-11-02 06:00:00,-0.217006
2025-11-02 07:00:00,-0.48135108
2025-11-02 08:00:00,-0.6802799
2025-11-02 09:00:00,-0.7892678
2025-11-02 10:00:00,-0.56333673
2025-11-02 11:00:00,-0.009934565
2025-11-02 12:00:00,0.51715535
2025-11-02 13:00:00,0.8973829
2025-11-02 14:00:00,1.1049242
2025-11-02 15:00:00,1.101154
2025-11-02 16:00:00,0.81093067
2025-11-02 17:00:00,0.39320675
2025-11-02 18:00:00,0.034910537
